Source,Station,Latitude,Longitude,StationID
EMP,NZ002,38.06027777777778,-122.20694444444445,EMP NZ002
EMP,NZ003,38.052499999999995,-122.17833333333334,EMP NZ003
EMP,NZ004,38.02916666666667,-122.15833333333335,EMP NZ004
EMP,NZ005,38.031666666666666,-122.13527777777779,EMP NZ005
EMP,NZ020,38.05972222222222,-122.10972222222222,EMP NZ020
EMP,NZ022,38.07194444444445,-122.0961111111111,EMP NZ022
EMP,NZ024,38.09305555555556,-122.06916666666666,EMP NZ024
EMP,NZ028,38.117222222222225,-122.04722222222222,EMP NZ028
EMP,NZ030,38.11527777777778,-122.05194444444444,EMP NZ030
EMP,NZ032,38.17027777777778,-122.02083333333333,EMP NZ032
EMP,NZ033,38.13527777777778,-121.91222222222223,EMP NZ033
EMP,NZ034,38.07777777777778,-121.88333333333334,EMP NZ034
EMP,NZ036,38.09166666666667,-122.01416666666667,EMP NZ036
EMP,NZ038,38.074444444444445,-121.9888888888889,EMP NZ038
EMP,NZ040,38.073888888888895,-121.93666666666667,EMP NZ040
EMP,NZ042,38.049166666666665,-122.09222222222222,EMP NZ042
EMP,NZ044,38.065,-122.0611111111111,EMP NZ044
EMP,NZ046,38.065,-122.03416666666666,EMP NZ046
EMP,NZ048,38.059999999999995,-121.99583333333334,EMP NZ048
EMP,NZ050,38.058055555555555,-121.96527777777779,EMP NZ050
EMP,NZ052,38.046388888888885,-121.91722222222222,EMP NZ052
EMP,NZ054,38.045833333333334,-121.9063888888889,EMP NZ054
EMP,NZ056,38.04888888888889,-121.88472222222222,EMP NZ056
EMP,NZ058,38.05972222222222,-121.86833333333333,EMP NZ058
EMP,NZ060,38.06444444444444,-121.82888888888888,EMP NZ060
EMP,NZ062,38.06166666666666,-121.7961111111111,EMP NZ062
EMP,NZ064,38.084722222222226,-121.73805555555556,EMP NZ064
EMP,NZ066,38.10861111111111,-121.71444444444445,EMP NZ066
EMP,NZ068,38.14805555555556,-121.68361111111112,EMP NZ068
EMP,NZ069,38.17222222222222,-121.6438888888889,EMP NZ069
EMP,NZ070,38.177499999999995,-121.66666666666667,EMP NZ070
EMP,NZ071,38.21138888888889,-121.66472222222222,EMP NZ071
EMP,NZ072,38.031666666666666,-121.83527777777778,EMP NZ072
EMP,NZ074,38.02222222222222,-121.80361111111111,EMP NZ074
EMP,NZ076,38.02194444444444,-121.76361111111112,EMP NZ076
EMP,NZ078,38.0475,-121.70666666666666,EMP NZ078
EMP,NZ080,38.07333333333334,-121.67666666666668,EMP NZ080
EMP,NZ082,38.08972222222222,-121.65083333333334,EMP NZ082
EMP,NZ084,38.103611111111114,-121.60555555555555,EMP NZ084
EMP,NZ086,38.07777777777778,-121.57027777777778,EMP NZ086
EMP,NZ088,38.05416666666667,-121.51416666666667,EMP NZ088
EMP,NZ090,38.00194444444445,-121.44916666666667,EMP NZ090
EMP,NZ092,37.97833333333333,-121.38194444444444,EMP NZ092
EMP,NZ098,37.97083333333334,-121.53444444444445,EMP NZ098
EMP,NZ099,38.25833333333333,-121.69166666666668,EMP NZ099
EMP,NZ100,38.19694444444444,-121.61583333333333,EMP NZ100
EMP,NZ101,38.23777777777778,-121.6713888888889,EMP NZ101
EMP,NZ103,38.1725,-121.5925,EMP NZ103
EMP,NZ104,38.05638888888888,-121.66333333333334,EMP NZ104
EMP,NZ155,38.27166666666667,-121.66055555555556,EMP NZ155
EMP,NZ161,38.341944444444444,-121.64361111111111,EMP NZ161
EMP,NZ165,38.405,-121.61166666666666,EMP NZ165
EMP,NZ169,38.47,-121.58388888888888,EMP NZ169
EMP,NZ295,37.971111111111114,-122.4325,EMP NZ295
EMP,NZ300,38.01111111111111,-122.4,EMP NZ300
EMP,NZ305,38.040277777777774,-122.35,EMP NZ305
EMP,NZ310,38.026666666666664,-122.3236111111111,EMP NZ310
EMP,NZ325,38.05777777777777,-122.28888888888889,EMP NZ325
EMP,NZ338,38.066111111111105,-122.24305555555556,EMP NZ338
EMP,NZ340,38.10861111111111,-122.2786111111111,EMP NZ340
EMP,NZ41A,38.07083333333334,-122.41111111111111,EMP NZ41A
EMP,NZC03,38.34777777777778,-121.54027777777777,EMP NZC03
EMP,NZC09,37.83444444444444,-121.55388888888889,EMP NZC09
EMP,NZC13,38.11666666666667,-121.49722222222222,EMP NZC13
EMP,NZD06,38.044444444444444,-122.11666666666666,EMP NZD06
EMP,NZD11,38.04277777777778,-121.79277777777777,EMP NZD11
EMP,NZD14,38.018055555555556,-121.71055555555556,EMP NZD14
EMP,NZD15,38.052499999999995,-121.68833333333333,EMP NZD15
EMP,NZD16,38.09722222222222,-121.66666666666667,EMP NZD16
EMP,NZD19,38.04388888888889,-121.61361111111111,EMP NZD19
EMP,NZD28,37.98277777777778,-121.57722222222222,EMP NZD28
EMP,NZD41,38.03055555555555,-122.37083333333332,EMP NZD41
EMP,NZM01,38.24138888888889,-121.55138888888888,EMP NZM01
EMP,NZM02,38.15083333333333,-121.59638888888888,EMP NZM02
EMP,NZM03,38.14555555555555,-121.55666666666666,EMP NZM03
EMP,NZM04,37.97972222222222,-121.47416666666666,EMP NZM04
EMP,NZM06,38.14111111111111,-121.5,EMP NZM06
EMP,NZM07,38.126111111111115,-121.49527777777777,EMP NZM07
EMP,NZM08,38.04416666666666,-121.52916666666667,EMP NZM08
EMP,NZM09,38.08361111111111,-121.47,EMP NZM09
EMP,NZM10,38.04361111111111,-121.4263888888889,EMP NZM10
EMP,NZP02,38.233333333333334,-121.4888888888889,EMP NZP02
EMP,NZP04,38.169999999999995,-121.44722222222222,EMP NZP04
EMP,NZP10,37.891666666666666,-121.4888888888889,EMP NZP10
EMP,NZS42,38.18055555555555,-122.04722222222222,EMP NZS42
FMWT,340,38.10508,-122.26988,FMWT 340
FMWT,405,38.03353,-122.15815,FMWT 405
FMWT,411,38.06117,-122.06828,FMWT 411
FMWT,416,38.0702,-122.09415,FMWT 416
FMWT,418,38.09383,-122.06973,FMWT 418
FMWT,501,38.06167,-122.01955,FMWT 501
FMWT,502,38.05997,-122.00397,FMWT 502
FMWT,504,38.05945,-121.9767,FMWT 504
FMWT,508,38.04813,-121.91492,FMWT 508
FMWT,513,38.0592,-121.86842,FMWT 513
FMWT,519,38.07378,-121.94725,FMWT 519
FMWT,602,38.11783,-122.04183,FMWT 602
FMWT,606,38.1698,-122.02177,FMWT 606
FMWT,608,38.0887,-121.88332,FMWT 608
FMWT,704,38.07087,-121.77892,FMWT 704
FMWT,706,38.0903,-121.74,FMWT 706
FMWT,707,38.11397,-121.70797,FMWT 707
FMWT,711,38.17595,-121.67028,FMWT 711
FMWT,716,38.23787,-121.68438,FMWT 716
FMWT,719,38.33428,-121.64733,FMWT 719
FMWT,721,38.26815,-121.70277,FMWT 721
FMWT,723,38.23615,-121.67348,FMWT 723
FMWT,795,38.5377,-121.58468,FMWT 795
FMWT,796,38.47387,-121.5844,FMWT 796
FMWT,797,38.40462,-121.6156,FMWT 797
FMWT,802,38.03528,-121.83875,FMWT 802
FMWT,804,38.02308,-121.79868,FMWT 804
FMWT,809,38.0512,-121.69305,FMWT 809
FMWT,812,38.08792,-121.64883,FMWT 812
FMWT,815,38.0913,-121.57587,FMWT 815
FMWT,902,38.0205,-121.58255,FMWT 902
FMWT,906,38.05412,-121.51653,FMWT 906
FMWT,910,38.00228,-121.45037,FMWT 910
FMWT,912,37.96883,-121.37172,FMWT 912
FMWT,914,37.94662,-121.53475,FMWT 914
FMWT,915,37.949,-121.55908,FMWT 915
FMWT,919,38.10572,-121.49525,FMWT 919
TNS,323,38.0483055556,-122.282805556,TNS 323
TNS,340,38.1039130566,-122.269452088,TNS 340
TNS,342,38.1458611111,-122.285083333,TNS 342
TNS,405,38.0380579308,-122.150504388,TNS 405
TNS,411,38.0513055556,-122.083305556,TNS 411
TNS,418,38.0648055556,-122.097805556,TNS 418
TNS,501,38.0733770283,-122.022458953,TNS 501
TNS,504,38.0610555556,-122.013722222,TNS 504
TNS,508,38.0455576963,-121.923002692,TNS 508
TNS,513,38.0594581794,-121.864004686,TNS 513
TNS,519,38.0723055556,-121.959694444,TNS 519
TNS,520,38.0328055556,-121.869305556,TNS 520
TNS,602,38.114,-122.046194444,TNS 602
TNS,606,38.1677573085,-122.022009075,TNS 606
TNS,609,38.1671944444,-121.938,TNS 609
TNS,610,38.1188055556,-121.889194444,TNS 610
TNS,704,38.0677613102,-121.775007658,TNS 704
TNS,706,38.0900598201,-121.73900413,TNS 706
TNS,707,38.1122585442,-121.706006162,TNS 707
TNS,711,38.1733571745,-121.669003881,TNS 711
TNS,713,38.20712,-121.66008,TNS 713
TNS,716,38.23787,-121.68438,TNS 716
TNS,719,38.33428,-121.64733,TNS 719
TNS,721,38.26815,-121.70277,TNS 721
TNS,723,38.23615,-121.67348,TNS 723
TNS,795,38.5377,-121.58468,TNS 795
TNS,796,38.47387,-121.5844,TNS 796
TNS,797,38.40462,-121.6156,TNS 797
TNS,801,38.0556111111,-121.847,TNS 801
TNS,804,38.0205618811,-121.79400495,TNS 804
TNS,809,38.0539573964,-121.686002605,TNS 809
TNS,812,38.0886595205,-121.640508478,TNS 812
TNS,815,38.08,-121.569805556,TNS 815
TNS,902,38.0261613097,-121.583005538,TNS 902
TNS,906,38.0539568689,-121.51100604,TNS 906
TNS,910,37.998358703,-121.444004722,TNS 910
TNS,912,37.9622610021,-121.364003488,TNS 912
TNS,914,37.9715,-121.52,TNS 914
TNS,915,37.940559818,-121.559002744,TNS 915
TNS,918,37.8593055556,-121.568805556,TNS 918
TNS,919,38.1048055556,-121.492,TNS 919
20mm,323,38.04288888888889,-122.28630555555556,20mm 323
20mm,328,38.06030555555555,-122.35,20mm 328
20mm,329,38.06361111111111,-122.304,20mm 329
20mm,334,38.07638888888889,-122.338,20mm 334
20mm,335,38.071111111111115,-122.324,20mm 335
20mm,336,38.06108333333333,-122.278,20mm 336
20mm,340,38.099222222222224,-122.26327777777777,20mm 340
20mm,341,38.127250000000004,-122.27877777777778,20mm 341
20mm,342,38.14625,-122.28875,20mm 342
20mm,343,38.182361111111106,-122.30927777777778,20mm 343
20mm,344,38.212694444444445,-122.30869444444444,20mm 344
20mm,345,38.22383333333334,-122.30897222222222,20mm 345
20mm,346,38.23638888888889,-122.28716666666666,20mm 346
20mm,405,38.03991666666666,-122.14672222222222,20mm 405
20mm,411,38.05022222222222,-122.07652777777777,20mm 411
20mm,418,38.0675,-122.09555555555555,20mm 418
20mm,501,38.07333333333334,-122.02633333333333,20mm 501
20mm,504,38.051944444444445,-121.98608333333334,20mm 504
20mm,508,38.04716666666666,-121.91722222222222,20mm 508
20mm,513,38.058861111111106,-121.86774999999999,20mm 513
20mm,519,38.07475,-121.95808333333333,20mm 519
20mm,520,38.03216666666667,-121.86311111111111,20mm 520
20mm,602,38.11555555555556,-122.04239166666666,20mm 602
20mm,606,38.17058333333333,-122.02791666666667,20mm 606
20mm,609,38.16708333333333,-121.93783333333333,20mm 609
20mm,610,38.122194444444446,-121.88911111111112,20mm 610
20mm,703,38.04861111111111,-121.79738888888889,20mm 703
20mm,704,38.066583333333334,-121.79031111111111,20mm 704
20mm,705,38.097611111111114,-121.70875000000001,20mm 705
20mm,706,38.086083333333335,-121.75044444444444,20mm 706
20mm,707,38.114694444444446,-121.70786111111111,20mm 707
20mm,711,38.177416666666666,-121.66225,20mm 711
20mm,716,38.23855555555556,-121.68391666666668,20mm 716
20mm,801,38.04369444444444,-121.844,20mm 801
20mm,802,38.020833333333336,-121.7303888888889,20mm 802
20mm,804,38.016444444444446,-121.79130555555555,20mm 804
20mm,809,38.053777777777775,-121.69302777777779,20mm 809
20mm,812,38.08991666666667,-121.63991666666668,20mm 812
20mm,815,38.087138888888894,-121.57113888888888,20mm 815
20mm,901,38.04625,-121.6185,20mm 901
20mm,902,38.02038888888889,-121.58266666666667,20mm 902
20mm,906,38.05002777777778,-121.50647222222223,20mm 906
20mm,910,38.005,-121.45302777777778,20mm 910
20mm,912,37.96641666666667,-121.36855555555555,20mm 912
20mm,914,37.9715,-121.52,20mm 914
20mm,915,37.94427777777778,-121.56788888888889,20mm 915
20mm,918,37.859,-121.56713888888889,20mm 918
20mm,919,38.10519444444444,-121.49458333333334,20mm 919
20mm,330,38.06361111111111,-122.304,20mm 330
20mm,347,38.25361111111111,-122.28469444444444,20mm 347
20mm,348,38.27436111111111,-122.28352777777778,20mm 348
20mm,349,38.28633333333333,-122.28436111111111,20mm 349
20mm,718,38.257555555555555,-121.72902777777777,20mm 718
20mm,720,38.26263888888889,-121.77927777777778,20mm 720
20mm,723,38.23725,-121.67308333333334,20mm 723
20mm,724,38.25625,-121.65208333333334,20mm 724
20mm,726,38.283055555555556,-121.64383333333333,20mm 726
20mm,719,38.3335,-121.64750000000001,20mm 719
FRP,501 FRP,38.07447,-122.01588,FRP 501 FRP
FRP,520 FRP,38.04482,-121.87193,FRP 520 FRP
FRP,602FRP,38.12129217,-122.0067224,FRP 602FRP
FRP,609 FRP,38.18178043,-121.9139374,FRP 609 FRP
FRP,703 FRP,38.0430953,-121.7992028,FRP 703 FRP
FRP,705 FRP,38.08988506,-121.7090585,FRP 705 FRP
FRP,706 FRP,38.08294,-121.72507,FRP 706 FRP
FRP,720 FRP,38.25995,-121.7926,FRP 720 FRP
FRP,723 FRP,38.24355,-121.68453,FRP 723 FRP
FRP,724 FRP,38.24246447,-121.6618801,FRP 724 FRP
FRP,726 FRP,38.25811292,-121.653526,FRP 726 FRP
FRP,801 FRP,38.04218957,-121.8444517,FRP 801 FRP
FRP,Barker rip rap,38.26531,-121.78379,FRP Barker rip rap
FRP,BK1,38.26781949,-121.7898314,FRP BK1
FRP,BK2,38.26321378,-121.7803662,FRP BK2
FRP,Blacklock,38.18031,-121.90878,FRP Blacklock
FRP,Bradmoor,38.18248,-121.92172,FRP Bradmoor
FRP,BROISL,38.039,-121.85761,FRP BROISL
FRP,Browns Channel,38.04050271,-121.8675863,FRP Browns Channel
FRP,Browns1,38.03813016,-121.8577899,FRP Browns1
FRP,CA3,38.28601,-121.72101,FRP CA3
FRP,CC1,38.26030111,-121.7811813,FRP CC1
FRP,CC2,38.25995987,-121.7906483,FRP CC2
FRP,Decker Breach,38.08360788,-121.723387,FRP Decker Breach
FRP,Decker BS1,38.10404278,-121.710669,FRP Decker BS1
FRP,Decker BS2,38.09872661,-121.7090939,FRP Decker BS2
FRP,Decker BS3,38.09689579,-121.7092772,FRP Decker BS3
FRP,Decker Inside,38.08512,-121.72336,FRP Decker Inside
FRP,Dow 2,38.02324421,-121.8333619,FRP Dow 2
FRP,Dow 3,38.02191299,-121.8253262,FRP Dow 3
FRP,Dow 4,38.02278941,-121.8294301,FRP Dow 4
FRP,Dow 5,38.02188756,-121.8336971,FRP Dow 5
FRP,Dow Breach,38.02375735,-121.8272565,FRP Dow Breach
FRP,Dow Outside,38.024821,-121.82609,FRP Dow Outside
FRP,Fallouts1,38.29586,-121.68886,FRP Fallouts1
FRP,Fallouts2,38.296002,-121.686518,FRP Fallouts2
FRP,Flyway,38.36414,-121.6444767,FRP Flyway
FRP,Headreach,38.03228,-121.47833,FRP Headreach
FRP,Horsebend1,38.08258782,-121.7280776,FRP Horsebend1
FRP,Horsebend2,38.08403422,-121.7146892,FRP Horsebend2
FRP,HorseBend3,38.09929728,-121.7079337,FRP HorseBend3
FRP,HS2,38.30367327,-121.7312177,FRP HS2
FRP,HS3,38.27772992,-121.7105386,FRP HS3
FRP,LI001E,38.24204,-121.68239,FRP LI001E
FRP,LI001W,38.27719,-121.69406,FRP LI001W
FRP,LI002E,38.246362,-121.678139,FRP LI002E
FRP,LI002W,38.269292,-121.691395,FRP LI002W
FRP,LI003E,38.255043,-121.672072,FRP LI003E
FRP,LI003W,38.257888,-121.690273,FRP LI003W
FRP,LI004E,38.26514,-121.671557,FRP LI004E
FRP,LI004W,38.25268,-121.686263,FRP LI004W
FRP,LI005E,38.273775,-121.66693,FRP LI005E
FRP,LI005W,38.244607,-121.686421,FRP LI005W
FRP,LI006W,38.28232,-121.69229,FRP LI006W
FRP,LI007E,38.28417,-121.66532,FRP LI007E
FRP,LI008E,38.28899,-121.66651,FRP LI008E
FRP,LI008W,38.28759,-121.69197,FRP LI008W
FRP,Liberty FAV,38.29607,-121.69193,FRP Liberty FAV
FRP,Liberty rip rap,38.2785,-121.69402,FRP Liberty rip rap
FRP,Liberty SAV,38.29003,-121.6918,FRP Liberty SAV
FRP,Liberty tules,38.29617,-121.68986,FRP Liberty tules
FRP,Liberty1,38.26962,-121.67718,FRP Liberty1
FRP,Liberty2,38.27565,-121.67599,FRP Liberty2
FRP,Liberty3,38.24967,-121.67701,FRP Liberty3
FRP,Liberty4,38.24771,-121.67861,FRP Liberty4
FRP,Liberty5,38.26238,-121.67883,FRP Liberty5
FRP,Liberty6,38.26704,-121.6879,FRP Liberty6
FRP,LinBr,38.25866311,-121.7925665,FRP LinBr
FRP,Lindsey FAV,38.25951823,-121.7975475,FRP Lindsey FAV
FRP,Lindsey SAV,38.25978,-121.7923,FRP Lindsey SAV
FRP,Lindsey tules,38.25902,-121.79259,FRP Lindsey tules
FRP,LN1,38.26026903,-121.7616752,FRP LN1
FRP,LN2,38.25814901,-121.738121,FRP LN2
FRP,LN3,38.24998083,-121.713593,FRP LN3
FRP,Miner rip rap,38.24232,-121.66168,FRP Miner rip rap
FRP,Miner SAV,38.25687,-121.6527,FRP Miner SAV
FRP,Miner Tules,38.23414087,-121.6691908,FRP Miner Tules
FRP,MinSlo1,38.24640849,-121.6595325,FRP MinSlo1
FRP,MINSLO2,38.26363244,-121.6470267,FRP MINSLO2
FRP,MinSlo3,38.27997313,-121.6415524,FRP MinSlo3
FRP,NELiberty,38.29183335,-121.6732488,FRP NELiberty
FRP,Nurse1,38.19274121,-121.9265354,FRP Nurse1
FRP,NWLiberty,38.29307247,-121.6861237,FRP NWLiberty
FRP,ProBr,38.24394144,-121.6636248,FRP ProBr
FRP,ProSlough,38.31306549,-121.6671414,FRP ProSlough
FRP,Rep 1 channel,38.08183,-121.72399,FRP Rep 1 channel
FRP,Rep 1 Wetland,38.08307,-121.72206,FRP Rep 1 Wetland
FRP,Rep 2 channel,38.08558,-121.70901,FRP Rep 2 channel
FRP,Rep 2 wetland,38.08766,-121.71127,FRP Rep 2 wetland
FRP,Rep 3 channel,38.10013,-121.70862,FRP Rep 3 channel
FRP,Rep 3 Wetland,38.10054,-121.70925,FRP Rep 3 Wetland
FRP,RYEISL,38.08098,-122.01718,FRP RYEISL
FRP,Ryer1,38.08547775,-122.018814,FRP Ryer1
FRP,Ryer2,38.08322056,-122.0083422,FRP Ryer2
FRP,Ryer3,38.07724609,-122.0136547,FRP Ryer3
FRP,Ryer4,38.07781685,-122.0034729,FRP Ryer4
FRP,SELiberty,38.25910821,-121.677316,FRP SELiberty
FRP,Shag SAV/FAV,38.27997,-121.69346,FRP Shag SAV/FAV
FRP,shag1,38.3098208,-121.6928649,FRP shag1
FRP,Shag2,38.27849914,-121.6934933,FRP Shag2
FRP,SJ1,38.03217,-121.47817,FRP SJ1
FRP,SJ2,38.03201,-121.47786,FRP SJ2
FRP,SJ3,38.00916,-121.45679,FRP SJ3
FRP,SJ4,38.00804,-121.4561,FRP SJ4
FRP,SJ5,38.00391,-121.45036,FRP SJ5
FRP,SJ6,38.00345,-121.45008,FRP SJ6
FRP,SJ7,37.99771,-121.44746,FRP SJ7
FRP,SJ8,37.99752,-121.44749,FRP SJ8
FRP,SoPro1,38.24924019,-121.6637237,FRP SoPro1
FRP,SoPro2,38.24498926,-121.66946,FRP SoPro2
FRP,SoPro3,38.23894736,-121.6687814,FRP SoPro3
FRP,SoPro4,38.25147542,-121.6603186,FRP SoPro4
FRP,SoPro5,38.24192,-121.66946,FRP SoPro5
FRP,SoPro6,38.23722,-121.6692,FRP SoPro6
FRP,SoPro7,38.24526063,-121.6604141,FRP SoPro7
FRP,Stacy's Island,38.0947,-121.59039,FRP Stacy's Island
FRP,Stairsteps1,38.32666076,-121.68302919999999,FRP Stairsteps1
FRP,Stairsteps2,38.33389898,-121.6739171,FRP Stairsteps2
FRP,Stairsteps3,38.34445786,-121.6554718,FRP Stairsteps3
FRP,substrates1,38.29976,-121.68925,FRP substrates1
FRP,substrates2,38.29964,-121.69061,FRP substrates2
FRP,SWLiberty,38.26131864,-121.6860805,FRP SWLiberty
FRP,throwtraps,38.16935,-121.41541,FRP throwtraps
FRP,Toedrain1,38.35634969,-121.6418877,FRP Toedrain1
FRP,TR1,38.1207568,-121.9818389,FRP TR1
FRP,TR2,38.12277207,-121.9860338,FRP TR2
FRP,TR3,38.1283278,-121.9895781,FRP TR3
FRP,TR4,38.13487,-121.99668,FRP TR4
FRP,TR5,38.13487,-121.99668,FRP TR5
FRP,TR6,38.1136,-121.98169,FRP TR6
FRP,TR7,38.11378,-121.98161,FRP TR7
FRP,Webb,38.09502792,-121.5879041,FRP Webb
FRP,Wildlands,38.33402,-121.67107,FRP Wildlands
FRP,WinBr,38.04592853,-121.847501,FRP WinBr
FRP,Wings 1,38.22694,-122.03591,FRP Wings 1
FRP,Wings Brood Pond,38.22601,-122.03826,FRP Wings Brood Pond
FRP,Winter 1,38.04965383,-121.8488996,FRP Winter 1
FRP,Winter 2,38.03794338,-121.8442846,FRP Winter 2
FRP,Winter 3,38.03060978,-121.8414193,FRP Winter 3
FRP,Winter 4,38.05228908,-121.856805,FRP Winter 4
FRP,Winter 5,38.05212368,-121.8542861,FRP Winter 5
FMWT,070,38.23330555555556,-121.519,FMWT 070
FMWT,071,38.24713888888889,-121.50961111111111,FMWT 071
FMWT,072,38.1875,-121.581,FMWT 072
FMWT,073,38.27641666666666,-121.542,FMWT 073
FMWT,101,37.67916666666667,-122.3125,FMWT 101
FMWT,102,37.69361111111111,-122.31305555555555,FMWT 102
FMWT,103,37.59027777777778,-122.25972222222222,FMWT 103
FMWT,104,37.605555555555554,-122.28472222222221,FMWT 104
FMWT,105,37.62444444444444,-122.30111111111111,FMWT 105
FMWT,106,37.645833333333336,-122.31388888888888,FMWT 106
FMWT,107,37.668055555555554,-122.3261111111111,FMWT 107
FMWT,108,37.69166666666666,-122.33888888888889,FMWT 108
FMWT,109,37.711666666666666,-122.33944444444444,FMWT 109
FMWT,110,37.733333333333334,-122.34527777777777,FMWT 110
FMWT,111,37.75416666666667,-122.35083333333333,FMWT 111
FMWT,112,37.78583333333333,-122.3611111111111,FMWT 112
FMWT,113,37.67916666666667,-122.35833333333333,FMWT 113
FMWT,201,37.81861111111112,-122.4213888888889,FMWT 201
FMWT,202,37.84722222222222,-122.44722222222222,FMWT 202
FMWT,203,37.85777777777778,-122.46972222222223,FMWT 203
FMWT,204,37.83416666666667,-122.3963888888889,FMWT 204
FMWT,205,37.82777777777778,-122.35833333333333,FMWT 205
FMWT,206,37.84388888888889,-122.3411111111111,FMWT 206
FMWT,207,37.87,-122.345,FMWT 207
FMWT,208,37.86527777777778,-122.39861111111112,FMWT 208
FMWT,209,37.88972222222222,-122.42222222222223,FMWT 209
FMWT,210,37.921388888888885,-122.44,FMWT 210
FMWT,211,37.94027777777777,-122.44583333333334,FMWT 211
FMWT,301,37.98030555555556,-122.41197222222223,FMWT 301
FMWT,302,38.013888888888886,-122.375,FMWT 302
FMWT,303,37.97219444444445,-122.42500000000001,FMWT 303
FMWT,304,37.995805555555556,-122.436,FMWT 304
FMWT,305,37.99438888888889,-122.408,FMWT 305
FMWT,306,38,-122.414,FMWT 306
FMWT,307,38.00438888888889,-122.42,FMWT 307
FMWT,308,38.01391666666667,-122.403,FMWT 308
FMWT,309,38.013888888888886,-122.394,FMWT 309
FMWT,310,38.02780555555555,-122.375,FMWT 310
FMWT,311,38.019416666666665,-122.378,FMWT 311
FMWT,312,38.01188888888889,-122.432,FMWT 312
FMWT,313,38.022194444444445,-122.449,FMWT 313
FMWT,314,38.02780555555555,-122.41300000000001,FMWT 314
FMWT,315,38.04219444444444,-122.39200000000001,FMWT 315
FMWT,316,38.06669444444445,-122.427,FMWT 316
FMWT,317,37.998305555555554,-122.449,FMWT 317
FMWT,318,38.05,-122.43100000000001,FMWT 318
FMWT,319,38.0775,-122.432,FMWT 319
FMWT,320,38.02361111111111,-122.30499999999999,FMWT 320
FMWT,321,38.03330555555556,-122.36099999999999,FMWT 321
FMWT,322,38.024388888888886,-122.35,FMWT 322
FMWT,323,38.02919444444444,-122.328,FMWT 323
FMWT,324,38.05280555555555,-122.319,FMWT 324
FMWT,325,38.055611111111105,-122.292,FMWT 325
FMWT,326,38.03969444444444,-122.29599999999999,FMWT 326
FMWT,327,38.04830555555555,-122.36399999999999,FMWT 327
FMWT,328,38.06030555555555,-122.35,FMWT 328
FMWT,329,38.06361111111111,-122.304,FMWT 329
FMWT,330,38.05188888888889,-122.414,FMWT 330
FMWT,331,38.065305555555554,-122.394,FMWT 331
FMWT,332,38.07330555555556,-122.39200000000001,FMWT 332
FMWT,333,38.07311111111112,-122.357,FMWT 333
FMWT,334,38.07638888888889,-122.338,FMWT 334
FMWT,335,38.071111111111115,-122.324,FMWT 335
FMWT,336,38.06111111111111,-122.278,FMWT 336
FMWT,337,38.058305555555556,-122.275,FMWT 337
FMWT,338,38.06111111111111,-122.25,FMWT 338
FMWT,339,38.06669444444445,-122.258,FMWT 339
FMWT,341,38.127250000000004,-122.27872222222223,FMWT 341
FMWT,401,38.058305555555556,-122.214,FMWT 401
FMWT,402,38.055611111111105,-122.183,FMWT 402
FMWT,403,38.04438888888889,-122.16900000000001,FMWT 403
FMWT,404,38.04611111111111,-122.17694444444444,FMWT 404
FMWT,406,38.02780555555555,-122.153,FMWT 406
FMWT,407,38.03330555555556,-122.14200000000001,FMWT 407
FMWT,408,38.03330555555556,-122.128,FMWT 408
FMWT,409,38.04438888888889,-122.106,FMWT 409
FMWT,410,38.04719444444444,-122.094,FMWT 410
FMWT,412,38.06388888888888,-122.056,FMWT 412
FMWT,413,38.063916666666664,-122.042,FMWT 413
FMWT,414,38.05361111111111,-122.113,FMWT 414
FMWT,415,38.058305555555556,-122.104,FMWT 415
FMWT,417,38.08080555555556,-122.077,FMWT 417
FMWT,419,38.104194444444445,-122.05799999999999,FMWT 419
FMWT,503,38.058305555555556,-121.986,FMWT 503
FMWT,505,38.055611111111105,-121.956,FMWT 505
FMWT,506,38.05280555555555,-121.944,FMWT 506
FMWT,507,38.05,-121.936,FMWT 507
FMWT,509,38.04438888888889,-121.91000000000001,FMWT 509
FMWT,510,38.04719444444444,-121.89200000000001,FMWT 510
FMWT,511,38.05,-121.883,FMWT 511
FMWT,512,38.055611111111105,-121.875,FMWT 512
FMWT,514,38.06388888888888,-121.844,FMWT 514
FMWT,515,38.09111111111111,-122.014,FMWT 515
FMWT,516,38.07638888888889,-121.992,FMWT 516
FMWT,517,38.069388888888895,-121.97800000000001,FMWT 517
FMWT,518,38.06888888888889,-121.956,FMWT 518
FMWT,601,38.10330555555556,-122.033,FMWT 601
FMWT,603,38.113305555555556,-122.042,FMWT 603
FMWT,604,38.12361111111111,-122.054,FMWT 604
FMWT,605,38.147194444444445,-122.056,FMWT 605
FMWT,607,38.18380555555555,-121.967,FMWT 607
FMWT,701,38.06388888888888,-121.828,FMWT 701
FMWT,702,38.06111111111111,-121.814,FMWT 702
FMWT,703,38.06111111111111,-121.797,FMWT 703
FMWT,705,38.08061111111112,-121.756,FMWT 705
FMWT,708,38.127805555555554,-121.694,FMWT 708
FMWT,709,38.147194444444445,-121.68900000000001,FMWT 709
FMWT,710,38.163916666666665,-121.67800000000001,FMWT 710
FMWT,712,38.19347222222222,-121.6226111111111,FMWT 712
FMWT,713,38.20561111111111,-121.658,FMWT 713
FMWT,715,38.22219444444445,-121.67200000000001,FMWT 715
FMWT,717,38.16938888888889,-121.631,FMWT 717
FMWT,724,38.239916666666666,-121.51633333333334,FMWT 724
FMWT,735,38.33388888888889,-121.569,FMWT 735
FMWT,736,38.38719444444445,-121.514,FMWT 736
FMWT,801,38.055611111111105,-121.847,FMWT 801
FMWT,803,38.022194444444445,-121.819,FMWT 803
FMWT,805,38.025888888888886,-121.772,FMWT 805
FMWT,806,38.02780555555555,-121.756,FMWT 806
FMWT,807,38.030611111111114,-121.73100000000001,FMWT 807
FMWT,808,38.03330555555556,-121.711,FMWT 808
FMWT,810,38.07219444444445,-121.67800000000001,FMWT 810
FMWT,811,38.09480555555556,-121.661,FMWT 811
FMWT,813,38.102805555555555,-121.628,FMWT 813
FMWT,814,38.102805555555555,-121.603,FMWT 814
FMWT,901,38.05669444444444,-121.667,FMWT 901
FMWT,903,38.10561111111111,-121.569,FMWT 903
FMWT,904,38.07780555555556,-121.567,FMWT 904
FMWT,905,38.06111111111111,-121.556,FMWT 905
FMWT,907,38.0625,-121.5,FMWT 907
FMWT,908,38.038888888888884,-121.524,FMWT 908
FMWT,909,38.025,-121.467,FMWT 909
FMWT,911,37.99169444444445,-121.403,FMWT 911
FMWT,913,37.97361111111111,-121.536,FMWT 913
FMWT,916,37.879194444444444,-121.575,FMWT 916
FMWT,917,37.87419444444444,-121.522,FMWT 917
FMWT,918,37.861111111111114,-121.568,FMWT 918
FMWT,920,38.141777777777776,-121.503,FMWT 920
FMWT,921,38.163944444444446,-121.49216666666666,FMWT 921
FMWT,922,38.19438888888889,-121.47800000000001,FMWT 922
FMWT,923,38.13805555555555,-121.55627777777778,FMWT 923
FMWT,924,38.08913888888889,-121.53444444444445,FMWT 924
FMWT,925,38.140388888888886,-121.47816666666667,FMWT 925
STN,323,38.04830555555555,-122.28280555555556,STN 323
STN,328,38.06030555555555,-122.35,STN 328
STN,329,38.06361111111111,-122.304,STN 329
STN,334,38.07638888888889,-122.338,STN 334
STN,335,38.071111111111115,-122.324,STN 335
STN,336,38.06111111111111,-122.278,STN 336
STN,340,38.097500000000004,-122.26219444444445,STN 340
STN,405,38.03969444444444,-122.15050000000001,STN 405
STN,411,38.05130555555555,-122.08330555555555,STN 411
STN,418,38.06480555555555,-122.09780555555555,STN 418
STN,501,38.072500000000005,-122.02519444444444,STN 501
STN,504,38.0545,-121.9895,STN 504
STN,508,38.0455,-121.91880555555556,STN 508
STN,513,38.058305555555556,-121.868,STN 513
STN,519,38.07230555555556,-121.95969444444445,STN 519
STN,520,38.032805555555555,-121.86930555555556,STN 520
STN,602,38.114000000000004,-122.04619444444444,STN 602
STN,606,38.16947222222222,-122.02566666666667,STN 606
STN,609,38.16719444444444,-121.938,STN 609
STN,610,38.118805555555554,-121.88919444444446,STN 610
STN,704,38.06916666666667,-121.77527777777777,STN 704
STN,706,38.08519444444445,-121.75069444444445,STN 706
STN,707,38.1135,-121.7075,STN 707
STN,711,38.178805555555556,-121.66530555555556,STN 711
STN,713,38.20633333333333,-121.66008333333333,STN 713
STN,716,38.23847222222222,-121.68477777777778,STN 716
STN,719,38.33338888888889,-121.64752777777778,STN 719
STN,721,38.26844444444444,-121.70308333333334,STN 721
STN,723,38.23722222222222,-121.67305555555556,STN 723
STN,795,38.53758333333333,-121.58463888888889,STN 795
STN,796,38.473555555555556,-121.58444444444444,STN 796
STN,797,38.40472222222222,-121.61561111111111,STN 797
STN,801,38.04369444444444,-121.844,STN 801
STN,804,38.01819444444445,-121.797,STN 804
STN,809,38.052499999999995,-121.68919444444445,STN 809
STN,812,38.09030555555556,-121.6405,STN 812
STN,815,38.080000000000005,-121.56980555555555,STN 815
STN,902,38.019194444444445,-121.58219444444444,STN 902
STN,906,38.05169444444444,-121.509,STN 906
STN,910,38.001805555555556,-121.44869444444444,STN 910
STN,912,37.966,-121.36730555555555,STN 912
STN,914,37.9715,-121.52,STN 914
STN,915,37.942499999999995,-121.56349999999999,STN 915
STN,918,37.85930555555556,-121.56880555555556,STN 918
STN,919,38.10480555555556,-121.492,STN 919
EMP,C10,37.67575,-121.265,EMP C10
EMP,C10A,37.67934,-121.2647,EMP C10A
EMP,C3,38.34575,-121.5461,EMP C3
EMP,C3A,38.36771,-121.5205,EMP C3A
EMP,C7,37.78607,-121.3077,EMP C7
EMP,C9,37.83028,-121.5549,EMP C9
EMP,D10,38.04631,-121.9183,EMP D10
EMP,D11,38.04229,-121.7995,EMP D11
EMP,D12,38.02161,-121.8063,EMP D12
EMP,D14A,38.01776,-121.7114,EMP D14A
EMP,D15,38.05217,-121.6896,EMP D15
EMP,D16,38.0969,-121.6691,EMP D16
EMP,D19,38.04376,-121.6148,EMP D19
EMP,D2,38.06544,-122.0545,EMP D2
EMP,D22,38.08453,-121.7391,EMP D22
EMP,D24,38.15778,-121.6847,EMP D24
EMP,D26,38.07664,-121.5669,EMP D26
EMP,D28A,37.97048,-121.573,EMP D28A
EMP,D4,38.06248,-121.8205,EMP D4
EMP,D41,38.03022,-122.3729,EMP D41
EMP,D41A,38.08472,-122.3907,EMP D41A
EMP,D42,38.05872,-122.2847,EMP D42
EMP,D6,38.04436,-122.1177,EMP D6
EMP,D7,38.11714,-122.0397,EMP D7
EMP,D8,38.05992,-121.99,EMP D8
EMP,D9,38.07244,-121.9392,EMP D9
EMP,MD10,38.04381,-121.4188,EMP MD10
EMP,MD10A,38.04226,-121.4199,EMP MD10A
EMP,MD6,38.1415,-121.4687,EMP MD6
EMP,MD7,38.12513,-121.497,EMP MD7
EMP,MD7A,38.11382,-121.498,EMP MD7A
EMP,P10,37.8912,-121.4894,EMP P10
EMP,P10A,37.89126,-121.4883,EMP P10A
EMP,P12,37.80472,-121.45,EMP P12
EMP,P12A,37.80284,-121.4569,EMP P12A
EMP,P2,38.25542,-121.4403,EMP P2
EMP,P8,37.97817,-121.3823,EMP P8
EMP,S42,38.18047,-122.0469,EMP S42
EMP,D10A,38.0431,-121.91897,EMP D10A
EMP,D12A,38.0177,-121.8063,EMP D12A
EMP,D24A,38.16016,-121.6853,EMP D24A
EMP,D6A,38.0275,-122.13903,EMP D6A
EMP,D29,38.05793,-121.55736,EMP D29
EMP,P8A,37.96277,-121.36587,EMP P8A
EMP,C7A,37.78604,-121.30666,EMP C7A
EMP,D7A,38.12425,-122.03812,EMP D7A
EMP,D8A,38.083971,-121.995878,EMP D8A
EMP,D9A,38.0724,-121.9392,EMP D9A
EMP,D11A,38.074097,-121.761736,EMP D11A
EMP,D16A,38.0969,-121.6691,EMP D16A
EMP,D19A,38.046417,-121.5981,EMP D19A
EMP,EZ2 2004-01-21,38.0505,-121.8845,EMP EZ2 2004-01-21
EMP,EZ2 2004-02-19,38.0463,-121.9183,EMP EZ2 2004-02-19
EMP,EZ2 2004-03-17,38.0599,-121.99,EMP EZ2 2004-03-17
EMP,EZ2 2004-04-15,38.0597,-121.9882,EMP EZ2 2004-04-15
EMP,EZ2 2004-05-13,38.0522,-121.8787,EMP EZ2 2004-05-13
EMP,EZ2 2004-06-09,38.0845,-121.7391,EMP EZ2 2004-06-09
EMP,EZ2 2004-07-08,38.0747,-121.7697,EMP EZ2 2004-07-08
EMP,EZ2 2004-08-24,38.0723,-121.773,EMP EZ2 2004-08-24
EMP,EZ2 2004-09-23,38.0845,-121.7391,EMP EZ2 2004-09-23
EMP,EZ2 2004-10-21,38.1067,-121.7163,EMP EZ2 2004-10-21
EMP,EZ2 2004-11-22,38.0688,-121.7815,EMP EZ2 2004-11-22
EMP,EZ2 2004-12-21,38.0845,-121.7391,EMP EZ2 2004-12-21
EMP,EZ2 2005-01-20,38.0555,-121.8743,EMP EZ2 2005-01-20
EMP,EZ2 2005-02-17,38.0638,-121.8535,EMP EZ2 2005-02-17
EMP,EZ2 2005-03-22,38.0463,-121.9183,EMP EZ2 2005-03-22
EMP,EZ2 2005-04-19,38.0535,-121.9477,EMP EZ2 2005-04-19
EMP,EZ2 2005-05-19,38.0631,-122.0264,EMP EZ2 2005-05-19
EMP,EZ2 2005-06-16,38.0582,-121.9668,EMP EZ2 2005-06-16
EMP,EZ2 2005-07-14,38.0495,-121.888,EMP EZ2 2005-07-14
EMP,EZ2 2005-08-11,38.0602,-121.7939,EMP EZ2 2005-08-11
EMP,EZ2 2005-09-26,38.0633,-121.7937,EMP EZ2 2005-09-26
EMP,EZ2 2005-10-25,38.0977,-121.7282,EMP EZ2 2005-10-25
EMP,EZ2 2005-11-22,38.0995,-121.728,EMP EZ2 2005-11-22
EMP,EZ2 2005-12-22,38.0605,-121.8092,EMP EZ2 2005-12-22
EMP,EZ2 2006-01-24,38.0587,-121.9728,EMP EZ2 2006-01-24
EMP,EZ2 2006-02-22,38.0475,-121.89,EMP EZ2 2006-02-22
EMP,EZ2 2006-03-23,38.0662,-122.0447,EMP EZ2 2006-03-23
EMP,EZ2 2006-04-25,38.0375,-122.1738,EMP EZ2 2006-04-25
EMP,EZ2 2006-05-22,38.0602,-122.0682,EMP EZ2 2006-05-22
EMP,EZ2 2006-06-26,38.0638,-122.03,EMP EZ2 2006-06-26
EMP,EZ2 2006-07-19,38.0575,-121.8708,EMP EZ2 2006-07-19
EMP,EZ2 2006-08-16,38.0625,-121.8205,EMP EZ2 2006-08-16
EMP,EZ2 2006-09-14,38.0618,-121.7985,EMP EZ2 2006-09-14
EMP,EZ2 2006-10-16,38.0727,-121.767,EMP EZ2 2006-10-16
EMP,EZ2 2006-11-14,38.106,-121.717,EMP EZ2 2006-11-14
EMP,EZ2 2006-12-12,38.1032,-121.7232,EMP EZ2 2006-12-12
EMP,EZ2 2007-01-16,38.0845,-121.7391,EMP EZ2 2007-01-16
EMP,EZ2 2007-02-14,38.0497,-121.8843,EMP EZ2 2007-02-14
EMP,EZ2 2007-03-13,38.0625,-121.8205,EMP EZ2 2007-03-13
EMP,EZ2 2007-04-12,38.0566,-121.8713,EMP EZ2 2007-04-12
EMP,EZ2 2007-05-10,38.0625,-121.8205,EMP EZ2 2007-05-10
EMP,EZ2 2007-06-11,38.0645,-121.8342,EMP EZ2 2007-06-11
EMP,EZ2 2007-07-20,38.0655,-121.7868,EMP EZ2 2007-07-20
EMP,EZ2 2007-08-20,38.0662,-121.7855,EMP EZ2 2007-08-20
EMP,EZ2 2007-09-19,38.0763,-121.7675,EMP EZ2 2007-09-19
EMP,EZ2 2007-10-17,38.0922,-121.7357,EMP EZ2 2007-10-17
EMP,EZ2 2007-11-15,38.0933,-121.7368,EMP EZ2 2007-11-15
EMP,EZ2 2007-12-17,38.0913,-121.7393,EMP EZ2 2007-12-17
EMP,EZ2 2008-01-16,38.0518,-121.8807,EMP EZ2 2008-01-16
EMP,EZ2 2008-02-15,38.049,-121.9153,EMP EZ2 2008-02-15
EMP,EZ2 2008-03-14,38.0548,-121.8723,EMP EZ2 2008-03-14
EMP,EZ2 2008-04-14,38.0603,-121.8,EMP EZ2 2008-04-14
EMP,EZ2 2008-05-12,38.0584,-121.8051,EMP EZ2 2008-05-12
EMP,EZ2 2008-06-11,38.0612,-121.8128,EMP EZ2 2008-06-11
EMP,EZ2 2008-07-09,38.0825,-121.7535,EMP EZ2 2008-07-09
EMP,EZ2 2008-08-11,38.0972,-121.7293,EMP EZ2 2008-08-11
EMP,EZ2 2008-09-05,38.0995,-121.7293,EMP EZ2 2008-09-05
EMP,EZ2 2008-10-06,38.0972,-121.7318,EMP EZ2 2008-10-06
EMP,EZ2 2008-11-19,38.1197,-121.7018,EMP EZ2 2008-11-19
EMP,EZ2 2008-12-05,38.1168,-121.7037,EMP EZ2 2008-12-05
EMP,EZ2 2009-01-16,38.0985,-121.7302,EMP EZ2 2009-01-16
EMP,EZ2 2009-02-19,38.065,-121.8375,EMP EZ2 2009-02-19
EMP,EZ2 2009-03-20,38.0502,-121.8807,EMP EZ2 2009-03-20
EMP,EZ2 2009-04-17,38.0463,-121.9183,EMP EZ2 2009-04-17
EMP,EZ2 2009-05-18,38.0517,-121.877,EMP EZ2 2009-05-18
EMP,EZ2 2009-06-17,38.061,-121.865,EMP EZ2 2009-06-17
EMP,EZ2 2009-07-15,38.061,-121.7992,EMP EZ2 2009-07-15
EMP,EZ2 2009-08-14,38.071,-121.7775,EMP EZ2 2009-08-14
EMP,EZ2 2009-09-11,38.0845,-121.7391,EMP EZ2 2009-09-11
EMP,EZ2 2009-10-09,38.1002,-121.7257,EMP EZ2 2009-10-09
EMP,EZ2 2009-11-06,38.0942,-121.7357,EMP EZ2 2009-11-06
EMP,EZ2 2009-12-10,38.1257,-121.6968,EMP EZ2 2009-12-10
EMP,EZ2 2010-01-08,38.088,-121.7432,EMP EZ2 2010-01-08
EMP,EZ2 2010-02-10,38.0697,-121.9908,EMP EZ2 2010-02-10
EMP,EZ2 2010-03-10,38.0599,-121.99,EMP EZ2 2010-03-10
EMP,EZ2 2010-04-07,38.0485,-121.8882,EMP EZ2 2010-04-07
EMP,EZ2 2010-05-07,38.059,-121.967,EMP EZ2 2010-05-07
EMP,EZ2 2010-06-04,38.0588,-121.9673,EMP EZ2 2010-06-04
EMP,EZ2 2010-07-06,38.0625,-121.8205,EMP EZ2 2010-07-06
EMP,EZ2 2010-08-04,38.0625,-121.8205,EMP EZ2 2010-08-04
EMP,EZ2 2010-09-15,38.0783,-121.7633,EMP EZ2 2010-09-15
EMP,EZ2 2010-10-14,38.0845,-121.7391,EMP EZ2 2010-10-14
EMP,EZ2 2010-11-15,38.1017,-121.7225,EMP EZ2 2010-11-15
EMP,EZ2 2010-12-15,38.0608,-121.814,EMP EZ2 2010-12-15
EMP,EZ2 2011-01-14,38.0533,-121.8743,EMP EZ2 2011-01-14
EMP,EZ2 2011-02-14,38.0668,-121.7902,EMP EZ2 2011-02-14
EMP,EZ2 2011-03-14,38.0532,-121.9465,EMP EZ2 2011-03-14
EMP,EZ2 2011-04-14,38.041,-122.115,EMP EZ2 2011-04-14
EMP,EZ2 2011-05-16,38.0595,-122.0702,EMP EZ2 2011-05-16
EMP,EZ2 2011-06-08,38.064,-122.0317,EMP EZ2 2011-06-08
EMP,EZ2 2011-07-08,38.066,-122.0432,EMP EZ2 2011-07-08
EMP,EZ2 2011-08-23,38.0623,-121.861,EMP EZ2 2011-08-23
EMP,EZ2 2011-09-21,38.0625,-121.8205,EMP EZ2 2011-09-21
EMP,EZ2 2011-10-19,38.0549,-121.8742,EMP EZ2 2011-10-19
EMP,EZ2 2011-11-18,38.0845,-121.7391,EMP EZ2 2011-11-18
EMP,EZ2 2011-12-19,38.0845,-121.7391,EMP EZ2 2011-12-19
EMP,EZ2 2012-01-19,38.1032,-121.7232,EMP EZ2 2012-01-19
EMP,EZ2 2012-02-15,38.0603,-121.8048,EMP EZ2 2012-02-15
EMP,EZ2 2012-03-16,38.0678,-121.7833,EMP EZ2 2012-03-16
EMP,EZ2 2012-04-13,38.0519,-121.9357,EMP EZ2 2012-04-13
EMP,EZ2 2012-05-14,38.0579,-121.9629,EMP EZ2 2012-05-14
EMP,EZ2 2012-06-13,38.0669,-121.7842,EMP EZ2 2012-06-13
EMP,EZ2 2012-07-11,38.0625,-121.8205,EMP EZ2 2012-07-11
EMP,EZ2 2012-08-09,38.0625,-121.8205,EMP EZ2 2012-08-09
EMP,EZ2 2012-09-07,38.0752,-121.769,EMP EZ2 2012-09-07
EMP,EZ2 2012-10-08,38.0845,-121.7391,EMP EZ2 2012-10-08
EMP,EZ2 2012-11-07,38.1179,-121.7027,EMP EZ2 2012-11-07
EMP,EZ2 2012-12-10,38.0599,-121.99,EMP EZ2 2012-12-10
EMP,EZ2 2013-01-22,38.0622,-121.8146,EMP EZ2 2013-01-22
EMP,EZ2 2013-02-21,38.0633,-121.8613,EMP EZ2 2013-02-21
EMP,EZ2 2013-03-22,38.0612,-121.8191,EMP EZ2 2013-03-22
EMP,EZ2 2013-04-22,38.0659,-121.7794,EMP EZ2 2013-04-22
EMP,EZ2 2013-05-20,38.0642,-121.8302,EMP EZ2 2013-05-20
EMP,EZ2 2013-06-18,38.0605,-121.8059,EMP EZ2 2013-06-18
EMP,EZ2 2013-07-17,38.0643,-121.7913,EMP EZ2 2013-07-17
EMP,EZ2 2013-08-14,38.0688,-121.7802,EMP EZ2 2013-08-14
EMP,EZ2 2013-09-25,38.0807,-121.7607,EMP EZ2 2013-09-25
EMP,EZ2 2013-10-11,38.0998,-121.7283,EMP EZ2 2013-10-11
EMP,EZ2 2013-11-12,38.1192,-121.7017,EMP EZ2 2013-11-12
EMP,EZ2 2013-12-11,38.119,-121.702,EMP EZ2 2013-12-11
EMP,EZ2 2014-01-10,38.1397,-121.6908,EMP EZ2 2014-01-10
EMP,EZ2 2014-02-10,38.1068,-121.7173,EMP EZ2 2014-02-10
EMP,EZ2 2014-03-10,38.0582,-121.8693,EMP EZ2 2014-03-10
EMP,EZ2 2014-04-09,38.0604,-121.7998,EMP EZ2 2014-04-09
EMP,EZ2 2014-05-09,38.0845,-121.7391,EMP EZ2 2014-05-09
EMP,EZ2 2014-06-06,38.1125,-121.7081,EMP EZ2 2014-06-06
EMP,EZ2 2014-07-07,38.1012,-121.726,EMP EZ2 2014-07-07
EMP,EZ2 2014-08-19,38.1082,-121.7164,EMP EZ2 2014-08-19
EMP,EZ2 2014-09-18,38.1231,-121.6987,EMP EZ2 2014-09-18
EMP,EZ2 2014-10-03,38.1341,-121.6943,EMP EZ2 2014-10-03
EMP,EZ2 2014-11-14,38.131100000000004,-121.6951,EMP EZ2 2014-11-14
EMP,EZ2 2014-12-17,38.0556,-121.8762,EMP EZ2 2014-12-17
EMP,EZ2 2015-01-16,38.0845,-121.7391,EMP EZ2 2015-01-16
EMP,EZ2 2015-02-13,38.0625,-121.8565,EMP EZ2 2015-02-13
EMP,EZ2 2015-03-13,38.0845,-121.7391,EMP EZ2 2015-03-13
EMP,EZ2 2015-04-13,38.1185,-121.701,EMP EZ2 2015-04-13
EMP,EZ2 2015-05-13,38.1223,-121.6996,EMP EZ2 2015-05-13
EMP,EZ2 2015-06-10,38.1159,-121.706,EMP EZ2 2015-06-10
EMP,EZ2 2015-07-10,38.1407,-121.6911,EMP EZ2 2015-07-10
EMP,EZ2 2015-08-25,38.1123,-121.7091,EMP EZ2 2015-08-25
EMP,EZ2 2015-09-22,38.1642,-121.679,EMP EZ2 2015-09-22
EMP,EZ2 2015-10-21,38.1412,-121.6912,EMP EZ2 2015-10-21
EMP,EZ2 2015-11-04,38.1387,-121.6924,EMP EZ2 2015-11-04
EMP,EZ2 2015-12-04,38.1607,-121.683,EMP EZ2 2015-12-04
EMP,EZ2 2016-01-06,38.1381,-121.6937,EMP EZ2 2016-01-06
EMP,EZ2 2016-02-03,38.055,-121.953,EMP EZ2 2016-02-03
EMP,EZ2 2016-03-04,38.0751,-121.7695,EMP EZ2 2016-03-04
EMP,EZ2 2016-04-15,38.0607,-122.0013,EMP EZ2 2016-04-15
EMP,EZ2 2016-05-13,38.0625,-121.8205,EMP EZ2 2016-05-13
EMP,EZ2 2016-06-13,38.0642,-121.7923,EMP EZ2 2016-06-13
EMP,EZ2 2016-07-13,38.0655,-121.7891,EMP EZ2 2016-07-13
EMP,EZ2 2016-08-10,38.0608,-121.7982,EMP EZ2 2016-08-10
EMP,EZ2 2016-09-12,38.0845,-121.7391,EMP EZ2 2016-09-12
EMP,EZ2 2016-10-24,38.1279,-121.6965,EMP EZ2 2016-10-24
EMP,EZ2 2016-11-07,38.1045,-121.7206,EMP EZ2 2016-11-07
EMP,EZ2 2016-12-09,38.0913,-121.7384,EMP EZ2 2016-12-09
EMP,EZ2 2017-01-11,38.0372,-122.1643,EMP EZ2 2017-01-11
EMP,EZ2 2017-02-10,38.0652,-122.2427,EMP EZ2 2017-02-10
EMP,EZ2 2017-03-10,38.0401,-122.1268,EMP EZ2 2017-03-10
EMP,EZ2 2017-06-19,38.0534,-121.9406,EMP EZ2 2017-06-19
EMP,EZ2 2017-07-18,38.0589,-121.8688,EMP EZ2 2017-07-18
EMP,EZ2 2017-08-16,38.0648,-121.8347,EMP EZ2 2017-08-16
EMP,EZ2 2017-09-14,38.0628,-121.8578,EMP EZ2 2017-09-14
EMP,EZ2 2017-10-12,38.0625,-121.8178,EMP EZ2 2017-10-12
EMP,EZ2 2017-11-09,38.0803,-121.76,EMP EZ2 2017-11-09
EMP,EZ2 2017-12-08,38.082,-121.7557,EMP EZ2 2017-12-08
EMP,EZ2 2018-01-05,38.0855,-121.7489,EMP EZ2 2018-01-05
EMP,EZ2 2018-02-08,38.0622,-121.8208,EMP EZ2 2018-02-08
EMP,EZ2 2018-03-14,38.0705,-121.7786,EMP EZ2 2018-03-14
EMP,EZ2 2018-04-11,38.0647,-122.034899999999,EMP EZ2 2018-04-11
EMP,EZ2 2018-05-10,38.0484999999999,-121.8947,EMP EZ2 2018-05-10
EMP,EZ2 2018-06-08,38.0606999999999,-121.8605,EMP EZ2 2018-06-08
EMP,EZ2 2018-07-10,38.0662,-121.7871,EMP EZ2 2018-07-10
EMP,EZ2 2018-08-07,38.067,-121.7816,EMP EZ2 2018-08-07
EMP,EZ2 2018-09-13,38.0864,-121.7468,EMP EZ2 2018-09-13
EMP,EZ2 2018-10-12,38.1006,-121.726917,EMP EZ2 2018-10-12
EMP,EZ2 2018-11-20,38.1574,-121.6852,EMP EZ2 2018-11-20
EMP,EZ2 2018-12-11,38.0970999999999,-121.7398,EMP EZ2 2018-12-11
EMP,EZ6 2004-01-21,38.0542,-121.9473,EMP EZ6 2004-01-21
EMP,EZ6 2004-02-19,38.0612,-122.0185,EMP EZ6 2004-02-19
EMP,EZ6 2004-03-17,38.062,-122.0203,EMP EZ6 2004-03-17
EMP,EZ6 2004-05-13,38.0577,-121.8777,EMP EZ6 2004-05-13
EMP,EZ6 2004-06-09,38.0605,-121.8657,EMP EZ6 2004-06-09
EMP,EZ6 2004-07-08,38.0625,-121.8205,EMP EZ6 2004-07-08
EMP,EZ6 2004-08-24,38.0593,-121.867,EMP EZ6 2004-08-24
EMP,EZ6 2004-09-23,38.0625,-121.8205,EMP EZ6 2004-09-23
EMP,EZ6 2004-10-21,38.0658,-121.7862,EMP EZ6 2004-10-21
EMP,EZ6 2004-11-22,38.0628,-121.7917,EMP EZ6 2004-11-22
EMP,EZ6 2005-01-20,38.0463,-121.9183,EMP EZ6 2005-01-20
EMP,EZ6 2005-02-17,38.0466,-121.903,EMP EZ6 2005-02-17
EMP,EZ6 2005-03-22,38.0599,-121.99,EMP EZ6 2005-03-22
EMP,EZ6 2005-04-19,38.0599,-121.99,EMP EZ6 2005-04-19
EMP,EZ6 2005-05-19,38.0655,-122.0537,EMP EZ6 2005-05-19
EMP,EZ6 2005-06-16,38.063,-122.0215,EMP EZ6 2005-06-16
EMP,EZ6 2005-07-14,38.0512,-121.9373,EMP EZ6 2005-07-14
EMP,EZ6 2005-08-11,38.0463,-121.9183,EMP EZ6 2005-08-11
EMP,EZ6 2005-09-26,38.0562,-121.874,EMP EZ6 2005-09-26
EMP,EZ6 2005-10-25,38.0628,-121.7918,EMP EZ6 2005-10-25
EMP,EZ6 2005-11-22,38.0643,-121.7912,EMP EZ6 2005-11-22
EMP,EZ6 2005-12-22,38.064,-121.8453,EMP EZ6 2005-12-22
EMP,EZ6 2006-01-24,38.0597,-121.9982,EMP EZ6 2006-01-24
EMP,EZ6 2006-02-22,38.0463,-121.9183,EMP EZ6 2006-02-22
EMP,EZ6 2006-03-23,38.0633,-122.0638,EMP EZ6 2006-03-23
EMP,EZ6 2006-04-25,38.0543,-122.1942,EMP EZ6 2006-04-25
EMP,EZ6 2006-05-22,38.0507,-122.0927,EMP EZ6 2006-05-22
EMP,EZ6 2006-06-26,38.0532,-122.0825,EMP EZ6 2006-06-26
EMP,EZ6 2006-07-18,38.0557,-121.9542,EMP EZ6 2006-07-18
EMP,EZ6 2006-08-16,38.0593,-121.9595,EMP EZ6 2006-08-16
EMP,EZ6 2006-09-14,38.0517,-121.8813,EMP EZ6 2006-09-14
EMP,EZ6 2006-10-16,38.0625,-121.8205,EMP EZ6 2006-10-16
EMP,EZ6 2006-11-14,38.0712,-121.7758,EMP EZ6 2006-11-14
EMP,EZ6 2006-12-12,38.0657,-121.788,EMP EZ6 2006-12-12
EMP,EZ6 2007-01-16,38.0595,-121.8027,EMP EZ6 2007-01-16
EMP,EZ6 2007-02-14,38.0525,-121.9427,EMP EZ6 2007-02-14
EMP,EZ6 2007-03-13,38.0505,-121.8827,EMP EZ6 2007-03-13
EMP,EZ6 2007-04-12,38.0558,-121.9515,EMP EZ6 2007-04-12
EMP,EZ6 2007-05-10,38.0458,-121.8995,EMP EZ6 2007-05-10
EMP,EZ6 2007-06-11,38.0463,-121.9183,EMP EZ6 2007-06-11
EMP,EZ6 2007-07-20,38.061,-121.8658,EMP EZ6 2007-07-20
EMP,EZ6 2007-08-20,38.06,-121.8645,EMP EZ6 2007-08-20
EMP,EZ6 2007-09-19,38.0625,-121.8205,EMP EZ6 2007-09-19
EMP,EZ6 2007-10-17,38.0607,-121.7988,EMP EZ6 2007-10-17
EMP,EZ6 2007-11-15,38.0598,-121.8002,EMP EZ6 2007-11-15
EMP,EZ6 2007-12-17,38.0788,-121.7648,EMP EZ6 2007-12-17
EMP,EZ6 2008-01-16,38.049,-121.936,EMP EZ6 2008-01-16
EMP,EZ6 2008-02-15,38.0537,-121.9413,EMP EZ6 2008-02-15
EMP,EZ6 2008-03-14,38.0505,-121.9367,EMP EZ6 2008-03-14
EMP,EZ6 2008-04-14,38.06,-121.8645,EMP EZ6 2008-04-14
EMP,EZ6 2008-05-12,38.0523,-121.8762,EMP EZ6 2008-05-12
EMP,EZ6 2008-06-11,38.0473,-121.8982,EMP EZ6 2008-06-11
EMP,EZ6 2008-07-09,38.0625,-121.8205,EMP EZ6 2008-07-09
EMP,EZ6 2008-08-11,38.0625,-121.7935,EMP EZ6 2008-08-11
EMP,EZ6 2008-09-05,38.07,-121.7792,EMP EZ6 2008-09-05
EMP,EZ6 2008-10-06,38.0648,-121.7893,EMP EZ6 2008-10-06
EMP,EZ6 2008-11-19,38.0845,-121.7391,EMP EZ6 2008-11-19
EMP,EZ6 2008-12-05,38.0803,-121.7612,EMP EZ6 2008-12-05
EMP,EZ6 2009-01-16,38.0767,-121.7683,EMP EZ6 2009-01-16
EMP,EZ6 2009-02-19,38.0597,-121.867,EMP EZ6 2009-02-19
EMP,EZ6 2009-03-20,38.0463,-121.9183,EMP EZ6 2009-03-20
EMP,EZ6 2009-04-17,38.055,-121.9472,EMP EZ6 2009-04-17
EMP,EZ6 2009-05-18,38.0463,-121.9183,EMP EZ6 2009-05-18
EMP,EZ6 2009-06-17,38.0593,-121.958,EMP EZ6 2009-06-17
EMP,EZ6 2009-07-15,38.0512,-121.8783,EMP EZ6 2009-07-15
EMP,EZ6 2009-08-14,38.0625,-121.8205,EMP EZ6 2009-08-14
EMP,EZ6 2009-09-11,38.0608,-121.815,EMP EZ6 2009-09-11
EMP,EZ6 2009-10-09,38.0672,-121.785,EMP EZ6 2009-10-09
EMP,EZ6 2009-11-06,38.0602,-121.8032,EMP EZ6 2009-11-06
EMP,EZ6 2009-12-10,38.0845,-121.7391,EMP EZ6 2009-12-10
EMP,EZ6 2010-01-08,38.073,-121.7762,EMP EZ6 2010-01-08
EMP,EZ6 2010-03-10,38.0642,-122.0233,EMP EZ6 2010-03-10
EMP,EZ6 2010-04-07,38.0562,-121.9582,EMP EZ6 2010-04-07
EMP,EZ6 2010-05-07,38.0599,-121.99,EMP EZ6 2010-05-07
EMP,EZ6 2010-06-04,38.0599,-121.99,EMP EZ6 2010-06-04
EMP,EZ6 2010-07-06,38.0463,-121.9183,EMP EZ6 2010-07-06
EMP,EZ6 2010-08-04,38.0463,-121.9183,EMP EZ6 2010-08-04
EMP,EZ6 2010-09-15,38.0622,-121.8233,EMP EZ6 2010-09-15
EMP,EZ6 2010-10-14,38.064,-121.7913,EMP EZ6 2010-10-14
EMP,EZ6 2010-11-15,38.0678,-121.7822,EMP EZ6 2010-11-15
EMP,EZ6 2010-12-15,38.0643,-121.8428,EMP EZ6 2010-12-15
EMP,EZ6 2011-01-14,38.0463,-121.9183,EMP EZ6 2011-01-14
EMP,EZ6 2011-02-14,38.0642,-121.8227,EMP EZ6 2011-02-14
EMP,EZ6 2011-03-14,38.0588,-121.9707,EMP EZ6 2011-03-14
EMP,EZ6 2011-04-14,38.0444,-122.1177,EMP EZ6 2011-04-14
EMP,EZ6 2011-05-16,38.0358,-122.1616,EMP EZ6 2011-05-16
EMP,EZ6 2011-06-08,38.0652,-122.0558,EMP EZ6 2011-06-08
EMP,EZ6 2011-07-08,38.0632,-122.0617,EMP EZ6 2011-07-08
EMP,EZ6 2011-08-23,38.0573,-121.9768,EMP EZ6 2011-08-23
EMP,EZ6 2011-09-21,38.0511,-121.8819,EMP EZ6 2011-09-21
EMP,EZ6 2011-10-19,38.0533,-121.9453,EMP EZ6 2011-10-19
EMP,EZ6 2011-11-18,38.0625,-121.8205,EMP EZ6 2011-11-18
EMP,EZ6 2011-12-19,38.0645,-121.791,EMP EZ6 2011-12-19
EMP,EZ6 2012-01-19,38.0825,-121.7574,EMP EZ6 2012-01-19
EMP,EZ6 2012-02-15,38.0463,-121.9183,EMP EZ6 2012-02-15
EMP,EZ6 2012-03-16,38.0625,-121.8205,EMP EZ6 2012-03-16
EMP,EZ6 2012-04-13,38.0599,-121.99,EMP EZ6 2012-04-13
EMP,EZ6 2012-05-14,38.061,-122.0105,EMP EZ6 2012-05-14
EMP,EZ6 2012-06-13,38.057,-121.8702,EMP EZ6 2012-06-13
EMP,EZ6 2012-07-11,38.0463,-121.9183,EMP EZ6 2012-07-11
EMP,EZ6 2012-08-09,38.0463,-121.9183,EMP EZ6 2012-08-09
EMP,EZ6 2012-09-07,38.0625,-121.8226,EMP EZ6 2012-09-07
EMP,EZ6 2012-10-08,38.0625,-121.8205,EMP EZ6 2012-10-08
EMP,EZ6 2012-11-07,38.0845,-121.7391,EMP EZ6 2012-11-07
EMP,EZ6 2012-12-10,38.0588,-121.9995,EMP EZ6 2012-12-10
EMP,EZ6 2013-01-22,38.064,-121.8581,EMP EZ6 2013-01-22
EMP,EZ6 2013-02-21,38.0458,-121.9064,EMP EZ6 2013-02-21
EMP,EZ6 2013-03-22,38.0549,-121.875,EMP EZ6 2013-03-22
EMP,EZ6 2013-04-22,38.0623,-121.8608,EMP EZ6 2013-04-22
EMP,EZ6 2013-05-20,38.0465,-121.9107,EMP EZ6 2013-05-20
EMP,EZ6 2013-06-18,38.0458,-121.9064,EMP EZ6 2013-06-18
EMP,EZ6 2013-07-17,38.0625,-121.8562,EMP EZ6 2013-07-17
EMP,EZ6 2013-08-14,38.0634,-121.8516,EMP EZ6 2013-08-14
EMP,EZ6 2013-09-25,38.0649,-121.8361,EMP EZ6 2013-09-25
EMP,EZ6 2013-10-11,38.0731,-121.774,EMP EZ6 2013-10-11
EMP,EZ6 2013-11-12,38.0862,-121.7469,EMP EZ6 2013-11-12
EMP,EZ6 2013-12-11,38.0847,-121.738,EMP EZ6 2013-12-11
EMP,EZ6 2014-01-10,38.0845,-121.7391,EMP EZ6 2014-01-10
EMP,EZ6 2014-02-10,38.0845,-121.7391,EMP EZ6 2014-02-10
EMP,EZ6 2014-03-10,38.0463,-121.9183,EMP EZ6 2014-03-10
EMP,EZ6 2014-04-09,38.0487,-121.8819,EMP EZ6 2014-04-09
EMP,EZ6 2014-05-09,38.0625,-121.8205,EMP EZ6 2014-05-09
EMP,EZ6 2014-06-06,38.0845,-121.7391,EMP EZ6 2014-06-06
EMP,EZ6 2014-07-07,38.0653,-121.7893,EMP EZ6 2014-07-07
EMP,EZ6 2014-08-19,38.0845,-121.7391,EMP EZ6 2014-08-19
EMP,EZ6 2014-09-18,38.0845,-121.7391,EMP EZ6 2014-09-18
EMP,EZ6 2014-10-03,38.0845,-121.7391,EMP EZ6 2014-10-03
EMP,EZ6 2014-11-14,38.0845,-121.7391,EMP EZ6 2014-11-14
EMP,EZ6 2014-12-17,38.0463,-121.9183,EMP EZ6 2014-12-17
EMP,EZ6 2015-01-16,38.0618,-121.7911,EMP EZ6 2015-01-16
EMP,EZ6 2015-02-13,38.0463,-121.9183,EMP EZ6 2015-02-13
EMP,EZ6 2015-03-13,38.0625,-121.8205,EMP EZ6 2015-03-13
EMP,EZ6 2015-04-13,38.0747,-121.7692,EMP EZ6 2015-04-13
EMP,EZ6 2015-05-13,38.0845,-121.7391,EMP EZ6 2015-05-13
EMP,EZ6 2015-06-10,38.0845,-121.7391,EMP EZ6 2015-06-10
EMP,EZ6 2015-07-10,38.0845,-121.7391,EMP EZ6 2015-07-10
EMP,EZ6 2015-08-25,38.0831,-121.7541,EMP EZ6 2015-08-25
EMP,EZ6 2015-09-22,38.1216,-121.699,EMP EZ6 2015-09-22
EMP,EZ6 2015-10-21,38.0997,-121.7218,EMP EZ6 2015-10-21
EMP,EZ6 2015-11-04,38.0845,-121.7391,EMP EZ6 2015-11-04
EMP,EZ6 2015-12-04,38.1257,-121.6973,EMP EZ6 2015-12-04
EMP,EZ6 2016-01-06,38.1126,-121.7104,EMP EZ6 2016-01-06
EMP,EZ6 2016-02-03,38.0599,-121.99,EMP EZ6 2016-02-03
EMP,EZ6 2016-03-04,38.0625,-121.8205,EMP EZ6 2016-03-04
EMP,EZ6 2016-04-15,38.0661,-122.0435,EMP EZ6 2016-04-15
EMP,EZ6 2016-05-13,38.0463,-121.9183,EMP EZ6 2016-05-13
EMP,EZ6 2016-06-13,38.0594,-121.8672,EMP EZ6 2016-06-13
EMP,EZ6 2016-07-13,38.064,-121.8592,EMP EZ6 2016-07-13
EMP,EZ6 2016-08-10,38.0639,-121.8585,EMP EZ6 2016-08-10
EMP,EZ6 2016-09-12,38.0631,-121.7933,EMP EZ6 2016-09-12
EMP,EZ6 2016-10-24,38.0845,-121.7391,EMP EZ6 2016-10-24
EMP,EZ6 2016-11-07,38.0674,-121.7842,EMP EZ6 2016-11-07
EMP,EZ6 2016-12-09,38.0711,-121.7781,EMP EZ6 2016-12-09
EMP,EZ6 2017-01-11,38.0584,-122.1845,EMP EZ6 2017-01-11
EMP,EZ6 2017-02-10,38.0633,-122.2721,EMP EZ6 2017-02-10
EMP,EZ6 2017-03-10,38.0285,-122.1601,EMP EZ6 2017-03-10
EMP,EZ6 2017-04-07,38.0508,-122.09,EMP EZ6 2017-04-07
EMP,EZ6 2017-05-22,38.0583,-122.0696,EMP EZ6 2017-05-22
EMP,EZ6 2017-06-19,38.0599,-121.99,EMP EZ6 2017-06-19
EMP,EZ6 2017-07-18,38.0529,-121.9404,EMP EZ6 2017-07-18
EMP,EZ6 2017-08-16,38.0463,-121.9183,EMP EZ6 2017-08-16
EMP,EZ6 2017-09-14,38.0552,-121.9473,EMP EZ6 2017-09-14
EMP,EZ6 2017-10-12,38.0486,-121.9034,EMP EZ6 2017-10-12
EMP,EZ6 2017-11-09,38.0625,-121.8205,EMP EZ6 2017-11-09
EMP,EZ6 2017-12-08,38.0625,-121.8205,EMP EZ6 2017-12-08
EMP,EZ6 2018-01-05,38.0663,-121.7855,EMP EZ6 2018-01-05
EMP,EZ6 2018-02-08,38.0523,-121.883,EMP EZ6 2018-02-08
EMP,EZ6 2018-03-14,38.0645,-121.8354,EMP EZ6 2018-03-14
EMP,EZ6 2018-04-11,38.066,-122.0501,EMP EZ6 2018-04-11
EMP,EZ6 2018-05-10,38.0559999999999,-121.9537,EMP EZ6 2018-05-10
EMP,EZ6 2018-06-08,38.0478999999999,-121.9282,EMP EZ6 2018-06-08
EMP,EZ6 2018-07-10,38.0593999999999,-121.8665,EMP EZ6 2018-07-10
EMP,EZ6 2018-08-07,38.0622,-121.8586,EMP EZ6 2018-08-07
EMP,EZ6 2018-09-13,38.0648,-121.8327,EMP EZ6 2018-09-13
EMP,EZ6 2018-10-12,38.07755,-121.7634,EMP EZ6 2018-10-12
EMP,EZ6 2018-11-20,38.1241,-121.6988,EMP EZ6 2018-11-20
EMP,EZ6 2018-12-11,38.061,-121.8028,EMP EZ6 2018-12-11
EMP,EZ2-SJR 2014-06-04,38.0753,-121.6777,EMP EZ2-SJR 2014-06-04
EMP,EZ2-SJR 2014-07-02,38.0701,-121.6769,EMP EZ2-SJR 2014-07-02
EMP,EZ2-SJR 2014-08-14,38.0541,-121.6885,EMP EZ2-SJR 2014-08-14
EMP,EZ2-SJR 2014-09-15,38.0576,-121.6815,EMP EZ2-SJR 2014-09-15
EMP,EZ2-SJR 2014-10-01,38.0688,-121.6778,EMP EZ2-SJR 2014-10-01
EMP,EZ2-SJR 2014-11-12,38.0563,-121.6841,EMP EZ2-SJR 2014-11-12
EMP,EZ2-SJR 2015-04-09,38.0482,-121.6932,EMP EZ2-SJR 2015-04-09
EMP,EZ2-SJR 2015-06-08,38.0695,-121.6769,EMP EZ2-SJR 2015-06-08
EMP,EZ2-SJR 2015-07-08,38.0969,-121.6691,EMP EZ2-SJR 2015-07-08
EMP,EZ2-SJR 2015-08-19,38.0969,-121.6691,EMP EZ2-SJR 2015-08-19
EMP,EZ2-SJR 2015-09-17,38.0871,-121.6463,EMP EZ2-SJR 2015-09-17
EMP,EZ2-SJR 2015-11-02,38.067,-121.6767,EMP EZ2-SJR 2015-11-02
EMP,EZ2-SJR 2015-12-02,38.0969,-121.6691,EMP EZ2-SJR 2015-12-02
EMP,EZ2-SJR 2016-01-04,38.0691,-121.6783,EMP EZ2-SJR 2016-01-04
EMP,EZ2-SJR 2016-08-08,38.0227,-121.7988,EMP EZ2-SJR 2016-08-08
EMP,EZ2-SJR 2016-10-20,38.0479,-121.6937,EMP EZ2-SJR 2016-10-20
EMP,EZ2-SJR 2016-11-03,38.0565,-121.685,EMP EZ2-SJR 2016-11-03
EMP,EZ2-SJR 2016-12-08,38.0499,-121.6928,EMP EZ2-SJR 2016-12-08
EMP,EZ2-SJR 2017-12-11,38.0279,-121.7481,EMP EZ2-SJR 2017-12-11
EMP,EZ2-SJR 2018-01-08,38.0472,-121.6944,EMP EZ2-SJR 2018-01-08
EMP,EZ2-SJR 2018-07-19,38.0262,-121.7792,EMP EZ2-SJR 2018-07-19
EMP,EZ2-SJR 2018-08-03,38.0212999999999,-121.8064,EMP EZ2-SJR 2018-08-03
EMP,EZ2-SJR 2018-09-14,38.0363,-121.706,EMP EZ2-SJR 2018-09-14
EMP,EZ2-SJR 2018-10-15,38.0523,-121.69015,EMP EZ2-SJR 2018-10-15
EMP,EZ2-SJR 2018-12-12,38.0476,-121.6935,EMP EZ2-SJR 2018-12-12
EMP,EZ6-SJR 2014-06-04,38.0284,-121.7513,EMP EZ6-SJR 2014-06-04
EMP,EZ6-SJR 2014-07-02,38.0216,-121.8063,EMP EZ6-SJR 2014-07-02
EMP,EZ6-SJR 2014-08-14,38.0259,-121.7809,EMP EZ6-SJR 2014-08-14
EMP,EZ6-SJR 2014-09-15,38.0216,-121.8063,EMP EZ6-SJR 2014-09-15
EMP,EZ6-SJR 2014-10-01,38.0272,-121.7432,EMP EZ6-SJR 2014-10-01
EMP,EZ6-SJR 2014-11-12,38.0284,-121.7692,EMP EZ6-SJR 2014-11-12
EMP,EZ6-SJR 2015-04-09,38.0216,-121.8063,EMP EZ6-SJR 2015-04-09
EMP,EZ6-SJR 2015-06-08,38.0281,-121.7473,EMP EZ6-SJR 2015-06-08
EMP,EZ6-SJR 2015-07-08,38.0274,-121.744,EMP EZ6-SJR 2015-07-08
EMP,EZ6-SJR 2015-08-19,38.024,-121.7925,EMP EZ6-SJR 2015-08-19
EMP,EZ6-SJR 2015-09-17,38.0324,-121.7241,EMP EZ6-SJR 2015-09-17
EMP,EZ6-SJR 2015-11-02,38.0275,-121.7475,EMP EZ6-SJR 2015-11-02
EMP,EZ6-SJR 2015-12-02,38.0303,-121.7339,EMP EZ6-SJR 2015-12-02
EMP,EZ6-SJR 2016-01-04,38.0325,-121.7266,EMP EZ6-SJR 2016-01-04
EMP,EZ6-SJR 2016-10-20,38.0216,-121.8063,EMP EZ6-SJR 2016-10-20
EMP,EZ6-SJR 2016-11-03,38.0244,-121.795,EMP EZ6-SJR 2016-11-03
EMP,EZ6-SJR 2018-01-08,38.022,-121.8069,EMP EZ6-SJR 2018-01-08
EMP,EZ6-SJR 2018-10-15,38.0212,-121.80683,EMP EZ6-SJR 2018-10-15
EMP,D41-C,38.0160546,-122.3647171,EMP D41-C
EMP,D41A-C,38.0847167,-122.3906667,EMP D41A-C
EMP,C9-L,37.8271721,-121.5522898,EMP C9-L
EMP,D7-C,38.1171292,-122.0395539,EMP D7-C
EMP,D4-L,38.0581151,-121.8193499,EMP D4-L
EMP,D16-L,38.093031,-121.6697445,EMP D16-L
EMP,D24-L,38.154719299999996,-121.6814495,EMP D24-L
EMP,D6-R,38.0577031,-122.1149585,EMP D6-R
EMP,P8-R,37.9778522,-121.3799929,EMP P8-R
EMP,D28A-L,37.9701652,-121.5741188,EMP D28A-L
EMP,C3-C,38.346149,-121.547031,EMP C3-C
EMP,C3-L,38.34567,-121.546926,EMP C3-L
EMP,C3-R,38.346681,-121.547089,EMP C3-R
EMP,C7-C,37.785905,-121.306903,EMP C7-C
EMP,C7-L,37.785648,-121.307249,EMP C7-L
EMP,C7-R,37.786143,-121.307,EMP C7-R
EMP,C9-C,37.828237,-121.552374,EMP C9-C
EMP,D10-C,38.046312,-121.913069,EMP D10-C
EMP,D10-L,38.041657,-121.913559,EMP D10-L
EMP,D10-R,38.050357,-121.912918,EMP D10-R
EMP,D11-C,38.04223788,-121.7994595,EMP D11-C
EMP,D11-L,38.03676129,-121.7861405,EMP D11-L
EMP,D11-R,38.05243011,-121.8004779,EMP D11-R
EMP,D12-C,38.024132,-121.751559,EMP D12-C
EMP,D14A-C,38.017715,-121.711397,EMP D14A-C
EMP,D14A-L,38.014774,-121.709512,EMP D14A-L
EMP,D14A-R,38.021058,-121.712968,EMP D14A-R
EMP,D16-C,38.095334,-121.668217,EMP D16-C
EMP,D19-C,38.050708,-121.613922,EMP D19-C
EMP,D19-L,38.046592,-121.623322,EMP D19-L
EMP,D19-R,38.057049,-121.616686,EMP D19-R
EMP,D26-C,38.080164,-121.572879,EMP D26-C
EMP,D26-L,38.079944,-121.578,EMP D26-L
EMP,D26-R,38.080219,-121.569241,EMP D26-R
EMP,D28A-C,37.97048,-121.573104,EMP D28A-C
EMP,D28A-R,37.970633,-121.572327,EMP D28A-R
EMP,D4-C,38.062148,-121.817927,EMP D4-C
EMP,D4-R,38.066575,-121.817297,EMP D4-R
EMP,D6-L,38.038616,-122.113947,EMP D6-L
EMP,D6-C,38.04674265,-122.124652,EMP D6-C
EMP,D7-L,38.100326,-122.0222,EMP D7-L
EMP,D7-R,38.116688,-122.052305,EMP D7-R
EMP,D8-C,38.059913,-121.99,EMP D8-C
EMP,D9-C,38.079212,-121.930289,EMP D9-C
EMP,D9-R,38.07591,-121.945227,EMP D9-R
EMP,MD6-C,38.14238,-121.469539,EMP MD6-C
EMP,MD6-L,38.141756,-121.470066,EMP MD6-L
EMP,MD6-R,38.14295,-121.469002,EMP MD6-R
EMP,MD7-C,38.125089,-121.496983,EMP MD7-C
EMP,MD7-L,38.125008,-121.496266,EMP MD7-L
EMP,MD7-R,38.125128,-121.497895,EMP MD7-R
EMP,P8-C,37.97802,-121.382149,EMP P8-C
EMP,P8-L,37.977611,-121.382511,EMP P8-L
